Sample File,C:\Users\Administrator\Desktop\Bhawana\AIM_exp1.csv
Model,3775

Sample #,Start Date,Start Time,Sample Length,Averaging Interval (s),Title,Instrument ID,Instrument Errors,Conc Mean,Conc Min,Conc Max,Conc Std Dev,[1.0]  Conc (#/cm³),[1.0]  Count (#),[2.0]  Conc (#/cm³),[2.0]  Count (#),[3.0]  Conc (#/cm³),[3.0]  Count (#),[4.0]  Conc (#/cm³),[4.0]  Count (#),
303,06/06/22,15:08:01,4,1,,3775  71025228 2.16,None,6.59125,5.705,7.282,0.703606,5.705,29,7.28,37,6.098,31,7.282,37,
Sample File,C:\Users\Administrator\Desktop\Bhawana\AIM_exp1.csv
Model,3775

Sample #,Start Date,Start Time,Sample Length,Averaging Interval (s),Title,Instrument ID,Instrument Errors,Conc Mean,Conc Min,Conc Max,Conc Std Dev,[1.0]  Conc (#/cm³),[1.0]  Count (#),[2.0]  Conc (#/cm³),[2.0]  Count (#),[3.0]  Conc (#/cm³),[3.0]  Count (#),[4.0]  Conc (#/cm³),[4.0]  Count (#),[5.0]  Conc (#/cm³),[5.0]  Count (#),[6.0]  Conc (#/cm³),[6.0]  Count (#),[7.0]  Conc (#/cm³),[7.0]  Count (#),[8.0]  Conc (#/cm³),[8.0]  Count (#),[9.0]  Conc (#/cm³),[9.0]  Count (#),[10.0]  Conc (#/cm³),[10.0]  Count (#),
1,06/06/22,14:12:39,10,1,,3775  71025228 2.16,None,717.5,585.9,797.6,68.0925,739,3695,763.6,3818,727.4,3637,642,3206,585.9,2932,641.1,3202,714.1,3569,777.8,3889,797.6,3988,786.5,3933,
2,06/06/22,14:12:49,10,1,,3775  71025228 2.16,None,822.33,595.2,1378.6,272.6,811.2,4056,1330.5,6656,1378.6,6893,627.8,3137,595.2,2974,634.4,3169,689.5,3446,722.9,3614,735,3675,698.2,3490,
3,06/06/22,14:13:01,10,1,,3775  71025228 2.16,None,489.86,194.2,666.4,164.177,666.4,3330,633.2,3163,620.1,3097,625.2,3124,600.2,2999,522.9,2616,446.6,2232,339.5,1698,250.3,1251,194.2,973,
4,06/06/22,14:13:12,10,1,,3775  71025228 2.16,None,73.371,30.11,149.5,36.2039,149.5,749,110.15,550,104.58,522,82.89,411,67.73,337,57.28,287,52.35,264,40.94,208,38.18,194,30.11,153,
5,06/06/22,14:13:23,10,1,,3775  71025228 2.16,None,17.3137,10.825,26.56,5.12728,25.57,130,26.56,135,17.52,89,18.67,95,13.588,69,19.478,99,15.334,78,13.781,70,10.825,55,11.811,60,
6,06/06/22,14:13:34,10,1,,3775  71025228 2.16,None,7.5919,3.738,12.791,2.96522,11.008,56,12.791,65,10.818,55,8.454,43,5.31,27,8.262,42,5.312,27,4.916,25,3.738,19,5.31,27,
7,06/06/22,14:13:45,10,1,,3775  71025228 2.16,None,8.7337,4.13,14.952,3.21012,4.13,21,5.309,27,5.902,30,6.494,33,8.257,42,14.952,76,11.019,56,11.993,61,10.235,52,9.046,46,
8,06/06/22,14:13:56,10,1,,3775  71025228 2.16,None,3.7369,1.966,5.704,1.052,4.13,21,5.704,29,4.917,25,4.327,22,3.146,16,3.935,20,3.54,18,3.146,16,1.966,10,2.558,13,
9,06/06/22,14:14:07,10,1,,3775  71025228 2.16,None,1.9868,0.788,3.539,0.845028,1.772,9,3.146,16,3.539,18,1.573,8,1.377,7,1.967,10,0.788,4,2.558,13,0.985,5,2.163,11,
10,06/06/22,14:14:18,10,1,,3775  71025228 2.16,None,1.751,0.788,2.754,0.599256,2.557,13,1.181,6,2.36,12,0.788,4,2.754,14,1.771,9,1.377,7,1.772,9,1.573,8,1.377,7,
11,06/06/22,14:14:29,10,1,,3775  71025228 2.16,None,1.8297,0.591,2.95,0.596676,1.574,8,1.966,10,1.968,10,2.558,13,0.591,3,2.95,15,1.575,8,1.771,9,1.574,8,1.77,9,
12,06/06/22,14:14:40,10,1,,3775  71025228 2.16,None,1.1217,0.197,1.969,0.597177,1.18,6,1.574,8,1.771,9,1.377,7,0.197,1,0.394,2,1.574,8,0.591,3,1.969,10,0.59,3,
13,06/06/22,14:14:51,10,1,,3775  71025228 2.16,None,0.9251,0.197,2.949,0.751361,0.197,1,0.591,3,0.591,3,0.197,1,0.787,4,1.182,6,0.591,3,0.985,5,2.949,15,1.181,6,
14,06/06/22,14:15:02,10,1,,3775  71025228 2.16,None,2.0459,0.787,3.147,0.767818,0.984,5,0.787,4,1.771,9,2.165,11,1.376,7,2.754,14,2.361,12,2.164,11,2.95,15,3.147,16,
15,06/06/22,14:15:13,10,1,,3775  71025228 2.16,None,5.5866,3.736,8.064,1.59451,4.328,22,4.13,21,4.72,24,5.704,29,3.736,19,3.737,19,7.478,38,6.492,33,7.477,38,8.064,41,
16,06/06/22,14:15:24,10,1,,3775  71025228 2.16,None,6.5913,4.524,7.675,1.07968,4.524,23,7.673,39,5.704,29,7.675,39,6.296,32,7.281,37,6.297,32,5.31,27,7.479,38,7.674,39,
17,06/06/22,14:15:35,10,1,,3775  71025228 2.16,None,7.1408,5.31,9.641,1.62516,8.254,42,9.641,49,5.314,27,5.31,27,7.868,40,5.509,28,5.703,29,8.853,45,6.097,31,8.859,45,
18,06/06/22,14:15:46,10,1,,3775  71025228 2.16,None,7.0808,5.31,9.049,1.19928,7.082,36,9.049,46,5.705,29,5.704,29,5.31,27,7.083,36,6.69,34,7.667,39,8.654,44,7.864,40,
19,06/06/22,14:15:57,10,1,,3775  71025228 2.16,None,7.5934,5.901,9.245,1.04865,7.868,40,6.296,32,7.669,39,9.245,47,7.675,39,7.871,40,6.691,34,9.245,47,7.473,38,5.901,30,
20,06/06/22,14:16:08,10,1,,3775  71025228 2.16,None,6.6672,5.31,9.045,1.20661,5.899,30,9.045,46,5.704,29,5.31,27,5.901,30,6.492,33,8.455,43,5.901,30,6.295,32,7.67,39,
21,06/06/22,14:16:19,10,1,,3775  71025228 2.16,None,7.0237,5.901,8.848,0.829805,7.678,39,8.848,45,7.279,37,6.496,33,7.284,37,5.901,30,6.098,31,7.08,36,7.279,37,6.294,32,
22,06/06/22,14:16:30,10,1,,3775  71025228 2.16,None,13.8878,6.492,23.214,6.34118,6.492,33,6.69,34,6.884,35,15.727,80,23.214,118,22.44,114,20.658,105,16.114,82,12.191,62,8.468,43,
23,06/06/22,14:16:41,10,1,,3775  71025228 2.16,None,16.8372,9.645,23.02,4.25056,11.803,60,15.734,80,13.181,67,20.66,105,23.02,117,21.64,110,19.654,100,18.094,92,14.941,76,9.645,49,
24,06/06/22,14:16:52,10,1,,3775  71025228 2.16,None,11.5659,4.13,21.84,5.70054,19.857,101,21.84,111,15.738,80,13.574,69,10.424,53,9.633,49,7.48,38,7.082,36,5.901,30,4.13,21,
25,06/06/22,14:17:03,10,1,,3775  71025228 2.16,None,2.3214,1.574,3.541,0.690928,3.342,17,1.968,10,1.772,9,1.574,8,1.968,10,3.541,18,2.558,13,2.95,15,1.575,8,1.966,10,
26,06/06/22,14:17:14,10,1,,3775  71025228 2.16,None,0.8859,0,1.969,0.62402,1.969,10,1.771,9,1.575,8,0.394,2,0.591,3,0.787,4,0.394,2,0.788,4,0.59,3,0,0,
27,06/06/22,14:17:25,10,1,,3775  71025228 2.16,None,0.2364,0,0.788,0.22974,0.197,1,0,0,0.197,1,0.394,2,0.197,1,0.788,4,0.197,1,0,0,0,0,0.394,2,
28,06/06/22,14:17:36,10,1,,3775  71025228 2.16,None,0.1969,0,0.394,0.152467,0.393,2,0.394,2,0.197,1,0.197,1,0,0,0,0,0.394,2,0.197,1,0.197,1,0,0,
29,06/06/22,14:17:47,10,1,,3775  71025228 2.16,None,0.0197,0,0.197,0.0591,0,0,0,0,0,0,0,0,0,0,0,0,0,0,0,0,0,0,0.197,1,
30,06/06/22,14:17:58,10,1,,3775  71025228 2.16,None,0.5513,0.394,0.984,0.211748,0.787,4,0.394,2,0.394,2,0.984,5,0.394,2,0.591,3,0.394,2,0.394,2,0.394,2,0.787,4,
31,06/06/22,14:18:09,10,1,,3775  71025228 2.16,None,0.2363,0,0.59,0.212009,0.197,1,0.394,2,0,0,0.59,3,0,0,0,0,0,0,0.394,2,0.394,2,0.394,2,
32,06/06/22,14:18:20,10,1,,3775  71025228 2.16,None,0.4332,0,0.985,0.289353,0,0,0.591,3,0.985,5,0.197,1,0.787,4,0.59,3,0.394,2,0.197,1,0.394,2,0.197,1,
33,06/06/22,14:18:31,10,1,,3775  71025228 2.16,None,0.256,0,0.591,0.197814,0.197,1,0.197,1,0.394,2,0,0,0.197,1,0.59,3,0.197,1,0.197,1,0.591,3,0,0,
34,06/06/22,14:18:42,10,1,,3775  71025228 2.16,None,0.2364,0,0.591,0.171741,0.394,2,0.197,1,0.591,3,0.197,1,0.394,2,0.197,1,0.197,1,0,0,0,0,0.197,1,
35,06/06/22,14:18:53,10,1,,3775  71025228 2.16,None,0.2167,0,0.788,0.27083,0,0,0,0,0,0,0.394,2,0.197,1,0,0,0,0,0.788,4,0.197,1,0.591,3,
36,06/06/22,14:19:04,10,1,,3775  71025228 2.16,None,0.1773,0,0.591,0.205674,0,0,0.394,2,0.591,3,0,0,0.394,2,0,0,0.197,1,0,0,0.197,1,0,0,
37,06/06/22,14:19:15,10,1,,3775  71025228 2.16,None,0.1181,0,0.394,0.157425,0,0,0,0,0.394,2,0.197,1,0,0,0.197,1,0,0,0,0,0.393,2,0,0,
38,06/06/22,14:19:26,10,1,,3775  71025228 2.16,None,0.1576,0,0.394,0.171741,0,0,0,0,0,0,0.197,1,0,0,0.394,2,0.394,2,0,0,0.197,1,0.394,2,
39,06/06/22,14:19:37,10,1,,3775  71025228 2.16,None,0.0788,0,0.197,0.0965099,0.197,1,0.197,1,0,0,0.197,1,0,0,0.197,1,0,0,0,0,0,0,0,0,
40,06/06/22,14:19:48,10,1,,3775  71025228 2.16,None,0.0591,0,0.197,0.0902767,0,0,0.197,1,0,0,0.197,1,0,0,0,0,0,0,0.197,1,0,0,0,0,
41,06/06/22,14:19:59,10,1,,3775  71025228 2.16,None,0.1576,0,0.394,0.1182,0,0,0.197,1,0.197,1,0,0,0.197,1,0.197,1,0.197,1,0,0,0.394,2,0.197,1,
42,06/06/22,14:20:10,10,1,,3775  71025228 2.16,None,0.1575,0,0.394,0.147261,0.394,2,0.197,1,0.393,2,0.197,1,0,0,0,0,0,0,0,0,0.197,1,0.197,1,
43,06/06/22,14:20:21,10,1,,3775  71025228 2.16,None,0,0,0,0,0,0,0,0,0,0,0,0,0,0,0,0,0,0,0,0,0,0,0,0,
44,06/06/22,14:20:32,10,1,,3775  71025228 2.16,None,0.0591,0,0.394,0.126142,0,0,0,0,0,0,0,0,0,0,0.394,2,0,0,0,0,0.197,1,0,0,
45,06/06/22,14:20:43,10,1,,3775  71025228 2.16,None,0.0985,0,0.394,0.132152,0.197,1,0,0,0,0,0.197,1,0,0,0,0,0.394,2,0,0,0,0,0.197,1,
46,06/06/22,14:20:54,10,1,,3775  71025228 2.16,None,0.1378,0,0.59,0.197754,0,0,0,0,0.394,2,0,0,0,0,0,0,0.59,3,0.197,1,0.197,1,0,0,
47,06/06/22,14:21:05,10,1,,3775  71025228 2.16,None,0.3938,0,0.984,0.291929,0.197,1,0,0,0.197,1,0.197,1,0.984,5,0.394,2,0.788,4,0.394,2,0.197,1,0.59,3,
48,06/06/22,14:21:16,10,1,,3775  71025228 2.16,None,0.0985,0,0.197,0.0985,0,0,0.197,1,0.197,1,0.197,1,0,0,0.197,1,0,0,0,0,0.197,1,0,0,
49,06/06/22,14:21:27,10,1,,3775  71025228 2.16,None,0.1379,0,0.394,0.153862,0.394,2,0,0,0,0,0.394,2,0.197,1,0,0,0,0,0.197,1,0,0,0.197,1,
50,06/06/22,14:21:38,10,1,,3775  71025228 2.16,None,0.1576,0,0.394,0.147421,0.197,1,0,0,0.197,1,0,0,0.197,1,0.394,2,0,0,0,0,0.197,1,0.394,2,
51,06/06/22,14:21:49,10,1,,3775  71025228 2.16,None,0.1576,0,0.394,0.147421,0,0,0.197,1,0,0,0.197,1,0.197,1,0,0,0,0,0.197,1,0.394,2,0.394,2,
52,06/06/22,14:22:00,10,1,,3775  71025228 2.16,None,0.1379,0,0.394,0.126142,0.394,2,0,0,0.197,1,0,0,0.197,1,0,0,0,0,0.197,1,0.197,1,0.197,1,
53,06/06/22,14:22:11,10,1,,3775  71025228 2.16,None,0.0788,0,0.394,0.130675,0,0,0,0,0,0,0,0,0.394,2,0,0,0.197,1,0.197,1,0,0,0,0,
54,06/06/22,14:22:22,10,1,,3775  71025228 2.16,None,0.1182,0,0.197,0.0965099,0,0,0,0,0,0,0.197,1,0.197,1,0.197,1,0,0,0.197,1,0.197,1,0.197,1,
55,06/06/22,14:22:33,10,1,,3775  71025228 2.16,None,0.1576,0,0.394,0.147421,0,0,0.197,1,0.197,1,0,0,0.394,2,0.197,1,0.394,2,0.197,1,0,0,0,0,
56,06/06/22,14:22:44,10,1,,3775  71025228 2.16,None,0.0197,0,0.197,0.0591,0,0,0,0,0,0,0,0,0,0,0,0,0.197,1,0,0,0,0,0,0,
57,06/06/22,14:22:55,10,1,,3775  71025228 2.16,None,0.0394,0,0.197,0.0788,0,0,0,0,0.197,1,0,0,0.197,1,0,0,0,0,0,0,0,0,0,0,
58,06/06/22,14:23:06,10,1,,3775  71025228 2.16,None,0.1379,0,0.197,0.0902767,0.197,1,0.197,1,0.197,1,0.197,1,0.197,1,0.197,1,0,0,0,0,0,0,0.197,1,
59,06/06/22,14:23:17,10,1,,3775  71025228 2.16,None,0.0985,0,0.197,0.0985,0,0,0,0,0,0,0.197,1,0,0,0.197,1,0,0,0.197,1,0.197,1,0.197,1,
60,06/06/22,14:23:28,10,1,,3775  71025228 2.16,None,0.0591,0,0.197,0.0902767,0.197,1,0,0,0.197,1,0,0,0,0,0,0,0,0,0,0,0.197,1,0,0,
61,06/06/22,14:23:39,10,1,,3775  71025228 2.16,None,0.0985,0,0.591,0.181625,0.197,1,0.197,1,0,0,0,0,0,0,0,0,0,0,0,0,0,0,0.591,3,
62,06/06/22,14:23:50,10,1,,3775  71025228 2.16,None,1.2794,0.197,3.737,1.06728,3.737,19,1.574,8,2.558,13,0.788,4,1.182,6,1.379,7,0.788,4,0.197,1,0.197,1,0.394,2,
63,06/06/22,14:24:01,10,1,,3775  71025228 2.16,None,0.5906,0,1.967,0.563354,0,0,0.788,4,0.394,2,0.787,4,0.985,5,1.967,10,0.591,3,0,0,0.197,1,0.197,1,
64,06/06/22,14:24:12,10,1,,3775  71025228 2.16,None,2.6157,1.377,5.109,1.19226,1.377,7,1.771,9,1.967,10,1.573,8,2.361,12,1.967,10,2.164,11,3.738,19,5.109,26,4.13,21,
65,06/06/22,14:24:23,10,1,,3775  71025228 2.16,None,5.3311,2.362,10.427,2.27273,4.327,22,3.542,18,4.328,22,5.507,28,4.131,21,2.362,12,4.328,22,6.097,31,8.262,42,10.427,53,
66,06/06/22,14:24:34,10,1,,3775  71025228 2.16,None,5.7829,2.949,7.868,1.65362,6.884,35,6.884,35,6.885,35,4.328,22,7.868,40,6.683,34,6.891,35,3.147,16,5.31,27,2.949,15,
67,06/06/22,14:24:45,10,1,,3775  71025228 2.16,None,5.4099,2.951,7.082,1.21655,4.131,21,4.721,24,4.721,24,6.688,34,5.708,29,6.491,33,5.509,28,6.097,31,7.082,36,2.951,15,
68,06/06/22,14:24:56,10,1,,3775  71025228 2.16,None,4.8396,2.952,6.296,1.0383,5.31,27,6.296,32,5.309,27,4.918,25,4.919,25,5.904,30,5.511,28,3.933,20,2.952,15,3.344,17,
69,06/06/22,14:25:07,10,1,,3775  71025228 2.16,None,5.0751,3.736,7.47,1.22754,4.131,21,4.524,23,3.737,19,3.736,19,5.111,26,7.084,36,4.921,25,7.47,38,5.512,28,4.525,23,
70,06/06/22,14:25:18,10,1,,3775  71025228 2.16,None,4.8587,3.737,7.081,1.03366,4.918,25,6.296,32,4.327,22,7.081,36,4.917,25,4.131,21,3.738,19,3.737,19,4.328,22,5.114,26,
71,06/06/22,14:25:29,10,1,,3775  71025228 2.16,None,7.1419,4.523,10.619,1.79753,6.493,33,5.508,28,7.082,36,4.523,23,5.902,30,5.9,30,9.451,48,10.619,54,8.462,43,7.479,38,
72,06/06/22,14:25:40,10,1,,3775  71025228 2.16,None,5.6849,3.54,7.282,1.24324,4.915,25,6.099,31,7.279,37,7.282,37,4.918,25,6.099,31,6.688,34,6.095,31,3.54,18,3.934,20,
73,06/06/22,14:25:51,10,1,,3775  71025228 2.16,None,5.5861,4.131,7.673,1.20328,4.917,25,4.131,21,7.673,39,7.667,39,5.313,27,5.902,30,4.326,22,4.524,23,5.31,27,6.098,31,
74,06/06/22,14:26:02,10,1,,3775  71025228 2.16,None,5.8418,3.537,8.264,1.36962,5.311,27,7.278,37,5.509,28,6.685,34,6.491,33,8.264,42,6.296,32,3.537,18,4.13,21,4.917,25,
75,06/06/22,14:26:13,10,1,,3775  71025228 2.16,None,4.5043,2.558,5.901,0.841103,2.558,13,4.131,21,4.326,22,4.721,24,4.72,24,3.933,20,4.721,24,4.721,24,5.901,30,5.311,27,
76,06/06/22,14:26:24,10,1,,3775  71025228 2.16,None,5.1932,3.935,6.097,0.704806,4.329,22,3.935,20,5.902,30,5.708,29,5.311,27,4.524,23,5.902,30,6.097,31,5.307,27,4.917,25,
77,06/06/22,14:26:35,10,1,,3775  71025228 2.16,None,4.347,3.54,5.901,0.784125,3.737,19,5.704,29,3.737,19,5.901,30,4.524,23,3.54,18,4.13,21,3.738,19,4.13,21,4.329,22,
78,06/06/22,14:26:46,10,1,,3775  71025228 2.16,None,5.2927,3.738,8.064,1.36444,8.064,41,3.738,19,4.132,21,6.695,34,6.689,34,4.329,22,4.327,22,5.511,28,4.132,21,5.31,27,
79,06/06/22,14:26:57,10,1,,3775  71025228 2.16,None,6.0988,3.146,8.264,1.22309,6.295,32,6.295,32,6.888,35,3.146,16,5.904,30,8.264,42,6.487,33,5.309,27,6.101,31,6.299,32,
80,06/06/22,14:27:08,10,1,,3775  71025228 2.16,None,6.9031,4.327,9.045,1.55262,8.855,45,6.691,34,4.327,22,5.507,28,6.68,34,9.045,46,8.852,45,7.47,38,6.294,32,5.31,27,
81,06/06/22,14:27:19,10,1,,3775  71025228 2.16,None,5.7634,4.129,7.474,1.02251,6.491,33,6.295,32,7.474,38,6.491,33,5.904,30,6.491,33,4.129,21,4.917,25,4.524,23,4.918,25,
82,06/06/22,14:27:30,10,1,,3775  71025228 2.16,None,4.4455,2.164,6.492,1.29958,3.738,19,2.753,14,3.934,20,5.507,28,5.901,30,5.115,26,6.492,33,2.164,11,4.13,21,4.721,24,
83,06/06/22,14:27:41,10,1,,3775  71025228 2.16,None,3.9734,2.556,5.705,1.02926,3.736,19,3.148,16,4.721,24,4.526,23,3.148,16,2.753,14,2.556,13,4.13,21,5.311,27,5.705,29,
84,06/06/22,14:27:52,10,1,,3775  71025228 2.16,None,4.1698,1.574,6.884,1.32758,6.884,35,4.72,24,1.574,8,5.312,27,4.524,23,3.934,20,3.935,20,3.735,19,2.951,15,4.129,21,
85,06/06/22,14:28:03,10,1,,3775  71025228 2.16,None,4.3076,3.343,5.311,0.53058,4.326,22,3.343,17,4.523,23,5.311,27,4.132,21,3.937,20,3.739,19,4.72,24,4.326,22,4.719,24,
86,06/06/22,14:28:14,10,1,,3775  71025228 2.16,None,6.2941,4.523,9.646,1.43682,7.279,37,9.646,49,7.081,36,4.523,23,5.897,30,5.9,30,5.114,26,5.9,30,4.72,24,6.881,35,
87,06/06/22,14:28:25,10,1,,3775  71025228 2.16,None,4.0915,2.558,5.706,0.800389,4.132,21,4.523,23,4.523,23,3.344,17,5.706,29,3.935,20,4.523,23,2.558,13,3.541,18,4.13,21,
88,06/06/22,14:28:36,10,1,,3775  71025228 2.16,None,4.6428,3.344,7.28,1.09649,3.739,19,4.919,25,3.737,19,4.523,23,5.706,29,7.28,37,3.344,17,4.524,23,4.722,24,3.934,20,
89,06/06/22,14:28:47,10,1,,3775  71025228 2.16,None,4.9963,3.344,6.491,1.05629,4.327,22,3.541,18,5.704,29,3.934,20,5.507,28,5.508,28,5.51,28,6.097,31,3.344,17,6.491,33,
90,06/06/22,14:28:58,10,1,,3775  71025228 2.16,None,7.791,3.736,11.406,2.34091,6.295,32,4.72,24,9.447,48,11.406,58,11.024,56,7.869,40,8.068,41,8.068,41,7.277,37,3.736,19,
91,06/06/22,14:29:09,10,1,,3775  71025228 2.16,None,3.3043,0.787,6.683,1.80947,6.683,34,5.112,26,4.525,23,4.523,23,3.738,19,2.558,13,1.575,8,2.164,11,1.378,7,0.787,4,
92,06/06/22,14:29:20,10,1,,3775  71025228 2.16,None,0.4725,0,1.77,0.529337,1.77,9,0.394,2,0.197,1,0.788,4,0,0,0.197,1,0.985,5,0.197,1,0,0,0.197,1,
93,06/06/22,14:29:31,10,1,,3775  71025228 2.16,None,0.394,0,0.591,0.215803,0,0,0.591,3,0.591,3,0.591,3,0.394,2,0.591,3,0.394,2,0.394,2,0,0,0.394,2,
94,06/06/22,14:29:42,10,1,,3775  71025228 2.16,None,0.1379,0,0.591,0.197983,0,0,0.197,1,0.591,3,0,0,0.197,1,0,0,0,0,0,0,0,0,0.394,2,
95,06/06/22,14:29:53,10,1,,3775  71025228 2.16,None,0.3543,0,0.786,0.22926,0.394,2,0.197,1,0.59,3,0.197,1,0.591,3,0.197,1,0.394,2,0,0,0.197,1,0.786,4,
96,06/06/22,14:30:04,10,1,,3775  71025228 2.16,None,0.5509,0,2.753,0.790428,0.197,1,0.394,2,0.197,1,0.394,2,0,0,0,0,0.591,3,0,0,0.983,5,2.753,14,
97,06/06/22,14:30:15,10,1,,3775  71025228 2.16,None,3.4426,2.165,5.115,0.97658,5.115,26,2.95,15,3.935,20,2.95,15,3.738,19,2.361,12,2.165,11,3.148,16,5.114,26,2.95,15,
98,06/06/22,14:30:26,10,1,,3775  71025228 2.16,None,4.0514,2.557,5.506,0.871507,5.311,27,3.541,18,5.506,28,4.326,22,3.539,18,4.326,22,4.524,23,3.343,17,3.541,18,2.557,13,
99,06/06/22,14:30:37,10,1,,3775  71025228 2.16,None,7.5327,3.737,11.207,2.40226,3.737,19,6.491,33,8.462,43,11.207,57,11.202,57,8.654,44,8.657,44,5.312,27,6.491,33,5.114,26,
100,06/06/22,14:30:48,10,1,,3775  71025228 2.16,None,5.8034,2.163,11.994,3.10997,5.505,28,3.343,17,2.754,14,2.163,11,3.736,19,3.541,18,7.477,38,8.859,45,11.994,61,8.662,44,
101,06/06/22,14:30:59,10,1,,3775  71025228 2.16,None,6.1965,4.917,7.477,0.841117,4.917,25,5.704,29,4.918,25,5.9,30,7.477,38,6.688,34,6.688,34,5.9,30,6.493,33,7.28,37,
102,06/06/22,14:31:10,10,1,,3775  71025228 2.16,None,14.5741,7.669,20.257,4.0848,7.669,39,12.985,66,12.385,63,13.179,67,10.815,55,11.811,60,19.08,97,20.257,103,18.49,94,19.07,97,
103,06/06/22,14:31:21,10,1,,3775  71025228 2.16,None,15.8142,5.508,23.21,5.55529,15.734,80,9.838,50,8.659,44,5.508,28,19.67,100,17.89,91,21.05,107,23.21,118,19.27,98,17.313,88,
104,06/06/22,14:31:32,10,1,,3775  71025228 2.16,None,6,2.557,11.014,2.51236,11.014,56,7.084,36,4.328,22,5.31,27,5.311,27,3.343,17,4.327,22,2.557,13,8.661,44,8.065,41,
105,06/06/22,14:31:43,10,1,,3775  71025228 2.16,None,13.1597,6.491,21.85,5.48933,7.869,40,6.884,35,6.491,33,7.084,36,11.601,59,17.897,91,21.85,111,16.904,86,17.914,91,17.103,87,
106,06/06/22,14:31:54,10,1,,3775  71025228 2.16,None,11.1171,6.295,23.21,5.54891,11.024,56,12.601,64,8.062,41,6.295,32,7.282,37,6.295,32,6.884,35,10.044,51,19.474,99,23.21,118,
107,06/06/22,14:32:05,10,1,,3775  71025228 2.16,None,8.3194,3.935,16.517,3.87996,16.517,84,11.794,60,12.004,61,9.835,50,6.882,35,5.9,30,5.116,26,6.882,35,4.329,22,3.935,20,
108,06/06/22,14:32:16,10,1,,3775  71025228 2.16,None,3.5603,0.59,8.458,2.5764,8.458,43,5.903,30,6.886,35,2.95,15,4.327,22,1.77,9,2.163,11,1.77,9,0.786,4,0.59,3,
109,06/06/22,14:32:27,10,1,,3775  71025228 2.16,None,0.9054,0.394,1.377,0.307071,0.591,3,0.394,2,1.377,7,0.788,4,1.181,6,1.181,6,0.591,3,1.18,6,0.984,5,0.787,4,
110,06/06/22,14:32:38,10,1,,3775  71025228 2.16,None,0.453,0,0.788,0.249989,0,0,0.394,2,0.197,1,0.591,3,0.591,3,0.197,1,0.591,3,0.788,4,0.788,4,0.393,2,
111,06/06/22,14:32:49,10,1,,3775  71025228 2.16,None,5.7436,1.966,8.459,2.18314,3.54,18,6.69,34,7.284,37,8.06,41,8.459,43,7.278,37,5.896,30,5.705,29,2.558,13,1.966,10,
112,06/06/22,14:33:00,10,1,,3775  71025228 2.16,None,0.8266,0.197,1.377,0.33856,0.983,5,0.788,4,0.787,4,1.377,7,0.393,2,0.984,5,0.591,3,1.182,6,0.197,1,0.984,5,
113,06/06/22,14:33:11,10,1,,3775  71025228 2.16,None,11.0159,1.18,24.584,7.68789,1.18,6,1.968,10,3.933,20,4.525,23,10.429,53,14.747,75,12.791,65,14.758,75,21.244,108,24.584,125,
114,06/06/22,14:33:22,10,1,,3775  71025228 2.16,None,16.5984,10.031,24.39,4.68138,24.39,124,22.8,116,18.69,95,15.344,78,10.617,54,11.601,59,15.537,79,19.46,99,17.514,89,10.031,51,
115,06/06/22,14:33:33,10,1,,3775  71025228 2.16,None,6.255,3.54,10.227,1.78736,6.099,31,4.327,22,5.31,27,3.54,18,5.703,29,10.227,52,6.885,35,8.066,41,6.493,33,5.9,30,
116,06/06/22,14:33:44,10,1,,3775  71025228 2.16,None,5.2905,1.377,10.427,3.35617,8.651,44,10.427,53,7.274,37,5.115,26,3.345,17,3.147,16,1.574,8,1.377,7,1.967,10,10.028,51,
117,06/06/22,14:33:55,10,1,,3775  71025228 2.16,None,15.7198,9.047,21.644,4.32535,10.434,53,13.764,70,20.85,106,21.644,110,19.68,100,20.06,102,15.548,79,13.775,70,12.396,63,9.047,46,
118,06/06/22,14:34:06,10,1,,3775  71025228 2.16,None,7.2591,5.11,10.431,1.79436,5.508,28,5.507,28,5.11,26,5.508,28,10.431,53,7.478,38,7.675,39,9.438,48,6.886,35,9.05,46,
119,06/06/22,14:34:17,10,1,,3775  71025228 2.16,None,3.4228,1.771,6.097,1.16058,6.097,31,3.343,17,2.952,15,4.13,21,3.345,17,3.54,18,3.738,19,3.541,18,1.771,9,1.771,9,
120,06/06/22,14:34:28,10,1,,3775  71025228 2.16,None,0.6299,0.197,1.966,0.568527,1.966,10,0.591,3,0.197,1,0.197,1,1.378,7,0.197,1,0.788,4,0.394,2,0.197,1,0.394,2,
121,06/06/22,14:34:39,10,1,,3775  71025228 2.16,None,2.1637,0.59,4.918,1.25325,0.59,3,1.181,6,3.54,18,4.918,25,2.753,14,1.18,6,2.36,12,1.967,10,2.164,11,0.984,5,
122,06/06/22,14:34:50,10,1,,3775  71025228 2.16,None,0.4921,0,0.787,0.219806,0.394,2,0,0,0.591,3,0.787,4,0.59,3,0.786,4,0.394,2,0.591,3,0.394,2,0.394,2,
123,06/06/22,14:35:01,10,1,,3775  71025228 2.16,None,2.0065,0.197,5.113,1.51249,3.345,17,5.113,26,3.146,16,2.95,15,1.968,10,1.18,6,1.182,6,0.591,3,0.197,1,0.393,2,
124,06/06/22,14:35:12,10,1,,3775  71025228 2.16,None,0.6889,0.197,1.574,0.459302,1.574,8,1.18,6,0.393,2,0.985,5,0.197,1,0.197,1,0.394,2,0.788,4,0.197,1,0.984,5,
125,06/06/22,14:35:23,10,1,,3775  71025228 2.16,None,0.1576,0,0.394,0.147421,0.197,1,0,0,0,0,0,0,0,0,0.197,1,0.394,2,0.197,1,0.197,1,0.394,2,
126,06/06/22,14:35:34,10,1,,3775  71025228 2.16,None,3.1672,0,7.476,2.84159,0.788,4,0,0,0.197,1,0.394,2,2.556,13,1.968,10,4.917,25,6.294,32,7.082,36,7.476,38,
127,06/06/22,14:35:45,10,1,,3775  71025228 2.16,None,6.3926,2.949,12.791,3.22479,4.13,21,3.343,17,4.72,24,4.13,21,11.207,57,12.791,65,8.458,43,6.887,35,5.311,27,2.949,15,
128,06/06/22,14:35:56,10,1,,3775  71025228 2.16,None,1.0429,0,2.556,0.815894,2.361,12,2.556,13,0.787,4,1.181,6,1.378,7,0.393,2,0.197,1,0.985,5,0.591,3,0,0,
129,06/06/22,14:36:07,10,1,,3775  71025228 2.16,None,0.8857,0.197,1.77,0.499609,1.77,9,0.788,4,1.181,6,1.378,7,0.197,1,0.59,3,0.787,4,0.197,1,0.591,3,1.378,7,
130,06/06/22,14:36:18,10,1,,3775  71025228 2.16,None,0.2364,0,0.591,0.212175,0.394,2,0.591,3,0.591,3,0,0,0.197,1,0,0,0.197,1,0,0,0.197,1,0.197,1,
131,06/06/22,14:36:29,10,1,,3775  71025228 2.16,None,0.2561,0,0.788,0.265036,0,0,0.197,1,0,0,0,0,0.591,3,0.197,1,0,0,0.788,4,0.394,2,0.394,2,
132,06/06/22,14:36:40,10,1,,3775  71025228 2.16,None,0.1576,0,0.394,0.171741,0,0,0.394,2,0.394,2,0,0,0.197,1,0.394,2,0,0,0,0,0.197,1,0,0,
133,06/06/22,14:36:51,10,1,,3775  71025228 2.16,None,0.4333,0,0.788,0.212101,0,0,0.591,3,0.394,2,0.788,4,0.394,2,0.394,2,0.59,3,0.591,3,0.394,2,0.197,1,
134,06/06/22,14:37:02,10,1,,3775  71025228 2.16,None,0.4135,0.197,0.984,0.297732,0.197,1,0.394,2,0.984,5,0.984,5,0.394,2,0.197,1,0.197,1,0.197,1,0.394,2,0.197,1,
135,06/06/22,14:37:13,10,1,,3775  71025228 2.16,None,0.2364,0,0.591,0.171741,0.197,1,0.197,1,0.394,2,0.197,1,0,0,0.394,2,0.197,1,0.197,1,0,0,0.591,3,
136,06/06/22,14:37:24,10,1,,3775  71025228 2.16,None,0.197,0,0.788,0.264303,0,0,0.197,1,0,0,0,0,0.197,1,0.197,1,0.591,3,0,0,0,0,0.788,4,
137,06/06/22,14:37:35,10,1,,3775  71025228 2.16,None,0.2364,0,0.394,0.147421,0.394,2,0.394,2,0,0,0,0,0.394,2,0.197,1,0.394,2,0.197,1,0.197,1,0.197,1,
138,06/06/22,14:37:46,10,1,,3775  71025228 2.16,None,0.0985,0,0.394,0.132152,0,0,0,0,0.197,1,0,0,0,0,0.394,2,0,0,0.197,1,0.197,1,0,0,
139,06/06/22,14:37:57,10,1,,3775  71025228 2.16,None,0.0788,0,0.197,0.0965099,0.197,1,0,0,0,0,0.197,1,0,0,0,0,0.197,1,0.197,1,0,0,0,0,
140,06/06/22,14:38:08,10,1,,3775  71025228 2.16,None,0.0591,0,0.394,0.126142,0,0,0,0,0.197,1,0,0,0,0,0,0,0,0,0.394,2,0,0,0,0,
141,06/06/22,14:38:19,10,1,,3775  71025228 2.16,None,1.259,0.197,3.147,0.976134,0.197,1,0.394,2,0.197,1,0.197,1,1.968,10,1.18,6,1.574,8,1.377,7,3.147,16,2.359,12,
142,06/06/22,14:38:30,10,1,,3775  71025228 2.16,None,2.5371,1.378,3.54,0.689022,2.36,12,2.36,12,1.378,7,3.147,16,3.54,18,2.557,13,3.539,18,1.574,8,2.556,13,2.36,12,
143,06/06/22,14:38:41,10,1,,3775  71025228 2.16,None,3.5216,1.771,5.708,0.941813,3.541,18,1.771,9,3.542,18,5.708,29,3.344,17,3.542,18,3.539,18,4.131,21,3.344,17,2.754,14,
144,06/06/22,14:38:52,10,1,,3775  71025228 2.16,None,3.1279,1.576,5.507,1.18761,2.755,14,4.524,23,2.951,15,5.507,28,3.934,20,3.343,17,2.951,15,1.576,8,1.771,9,1.967,10,
145,06/06/22,14:39:03,10,1,,3775  71025228 2.16,None,2.9899,2.165,3.932,0.56124,2.36,12,2.755,14,2.557,13,3.148,16,3.737,19,2.95,15,3.932,20,2.755,14,2.165,11,3.54,18,
146,06/06/22,14:39:14,10,1,,3775  71025228 2.16,None,3.3435,1.771,4.523,0.74614,3.738,19,4.327,22,1.771,9,2.95,15,2.753,14,3.148,16,3.343,17,3.54,18,4.523,23,3.342,17,
147,06/06/22,14:39:25,10,1,,3775  71025228 2.16,None,2.6948,1.574,4.523,0.901274,1.771,9,1.574,8,2.557,13,2.557,13,3.934,20,2.163,11,3.344,17,2.361,12,2.164,11,4.523,23,
148,06/06/22,14:39:36,10,1,,3775  71025228 2.16,None,4.17,2.36,5.9,1.02486,5.507,28,3.148,16,5.9,30,3.935,20,3.344,17,4.721,24,2.36,12,4.721,24,4.131,21,3.933,20,
149,06/06/22,14:39:47,10,1,,3775  71025228 2.16,None,3.9932,2.951,4.524,0.473842,3.934,20,3.933,20,3.344,17,4.328,22,3.938,20,4.524,23,4.328,22,2.951,15,4.327,22,4.325,22,
150,06/06/22,14:39:58,10,1,,3775  71025228 2.16,None,3.4222,1.968,5.115,0.889199,2.949,15,3.932,20,3.146,16,4.129,21,4.131,21,5.115,26,3.541,18,1.968,10,2.36,12,2.951,15,
151,06/06/22,14:40:09,10,1,,3775  71025228 2.16,None,2.813,1.378,4.13,0.909924,1.77,9,1.378,7,1.574,8,3.346,17,2.557,13,3.737,19,4.13,21,3.148,16,2.95,15,3.54,18,
152,06/06/22,14:40:20,10,1,,3775  71025228 2.16,None,2.9305,1.378,5.112,0.976684,2.754,14,1.378,7,3.737,19,2.557,13,3.54,18,2.164,11,5.112,26,2.95,15,2.163,11,2.95,15,
153,06/06/22,14:40:31,10,1,,3775  71025228 2.16,None,2.6955,0.984,4.134,0.767706,2.952,15,0.984,5,2.557,13,4.134,21,3.344,17,2.558,13,2.556,13,2.951,15,2.755,14,2.164,11,
154,06/06/22,14:40:42,10,1,,3775  71025228 2.16,None,4.6224,2.952,6.295,1.0675,3.737,19,3.54,18,3.933,20,4.524,23,4.327,22,2.952,15,5.31,27,5.902,30,5.704,29,6.295,32,
155,06/06/22,14:40:53,10,1,,3775  71025228 2.16,None,5.5869,3.344,8.265,1.67538,6.689,34,4.918,25,7.873,40,5.897,30,3.344,17,3.541,18,3.54,18,8.265,42,5.508,28,6.294,32,
156,06/06/22,14:41:04,10,1,,3775  71025228 2.16,None,3.2854,1.182,4.919,1.25917,4.719,24,4.919,25,4.523,23,4.722,24,2.362,12,3.148,16,2.36,12,2.558,13,1.182,6,2.361,12,
157,06/06/22,14:41:15,10,1,,3775  71025228 2.16,None,3.9534,2.556,5.312,0.881592,4.327,22,4.523,23,4.13,21,2.755,14,4.523,23,5.312,27,4.327,22,2.754,14,2.556,13,4.327,22,
158,06/06/22,14:41:26,10,1,,3775  71025228 2.16,None,4.1306,2.359,5.312,0.991739,3.343,17,2.754,14,2.359,12,3.54,18,4.717,24,5.114,26,4.917,25,5.312,27,4.528,23,4.722,24,
159,06/06/22,14:41:37,10,1,,3775  71025228 2.16,None,3.5012,2.556,5.509,0.90959,3.54,18,5.509,28,2.556,13,3.935,20,3.344,17,2.95,15,2.557,13,2.557,13,4.524,23,3.54,18,
160,06/06/22,14:41:48,10,1,,3775  71025228 2.16,None,2.6946,0.786,4.524,1.37967,4.524,23,4.327,22,4.523,23,2.95,15,3.147,16,2.361,12,2.164,11,0.787,4,1.377,7,0.786,4,
161,06/06/22,14:41:59,10,1,,3775  71025228 2.16,None,3.5216,1.575,4.919,1.16503,1.968,10,2.754,14,3.935,20,2.558,13,4.721,24,3.933,20,4.919,25,4.918,25,1.575,8,3.935,20,
162,06/06/22,14:42:10,10,1,,3775  71025228 2.16,None,4.5431,3.541,6.293,0.880529,4.325,22,4.917,25,5.897,30,3.74,19,3.737,19,3.541,18,4.13,21,4.72,24,6.293,32,4.131,21,
163,06/06/22,14:42:21,10,1,,3775  71025228 2.16,None,4.3859,2.557,6.097,0.967617,3.933,20,5.114,26,5.31,27,3.542,18,4.523,23,6.097,31,4.917,25,2.557,13,3.736,19,4.13,21,
164,06/06/22,14:42:32,10,1,,3775  71025228 2.16,None,4.1112,2.755,5.9,0.961185,2.951,15,3.737,19,3.934,20,2.755,14,3.541,18,5.9,30,3.935,20,4.129,21,5.509,28,4.721,24,
165,06/06/22,14:42:43,10,1,,3775  71025228 2.16,None,3.737,2.556,5.705,0.914476,4.721,24,5.705,29,4.326,22,3.147,16,3.934,20,3.146,16,3.541,18,2.754,14,2.556,13,3.54,18,
166,06/06/22,14:42:54,10,1,,3775  71025228 2.16,None,4.2496,2.755,6.689,1.04938,3.146,16,4.329,22,4.525,23,4.721,24,6.689,34,3.541,18,4.724,24,4.525,23,2.755,14,3.541,18,
167,06/06/22,14:43:05,10,1,,3775  71025228 2.16,None,5.1537,3.148,8.068,1.44284,3.738,19,4.327,22,4.523,23,5.704,29,8.068,41,5.114,26,4.523,23,7.278,37,3.148,16,5.114,26,
168,06/06/22,14:43:16,10,1,,3775  71025228 2.16,None,5.3108,3.737,7.275,0.909185,3.737,19,7.275,37,4.722,24,6.294,32,5.509,28,5.31,27,5.507,28,5.115,26,4.917,25,4.722,24,
169,06/06/22,14:43:27,10,1,,3775  71025228 2.16,None,4.0324,0.984,8.655,2.71892,5.311,27,6.884,35,8.655,44,7.476,38,3.933,20,1.967,10,2.557,13,1.181,6,1.376,7,0.984,5,
170,06/06/22,14:43:38,10,1,,3775  71025228 2.16,None,1.0626,0.197,3.147,0.853555,0.788,4,0.197,1,0.591,3,1.181,6,0.394,2,0.59,3,0.394,2,1.573,8,3.147,16,1.771,9,
171,06/06/22,14:43:49,10,1,,3775  71025228 2.16,None,0.7284,0.197,2.165,0.570731,2.165,11,0.788,4,1.181,6,0.394,2,0.394,2,0.197,1,0.393,2,0.591,3,0.984,5,0.197,1,
172,06/06/22,14:44:00,10,1,,3775  71025228 2.16,None,0.315,0,0.591,0.180467,0.197,1,0.393,2,0.394,2,0.197,1,0,0,0.591,3,0.393,2,0.197,1,0.197,1,0.591,3,
173,06/06/22,14:44:11,10,1,,3775  71025228 2.16,None,1.574,0,5.706,1.75515,0.787,4,0.394,2,0.394,2,0,0,0.197,1,0.394,2,1.771,9,3.344,17,2.753,14,5.706,29,
174,06/06/22,14:44:22,10,1,,3775  71025228 2.16,None,6.3339,4.721,8.261,1.15314,5.507,28,8.261,42,4.916,25,4.721,24,6.689,34,7.673,39,5.116,26,6.884,35,7.081,36,6.491,33,
175,06/06/22,14:44:33,10,1,,3775  71025228 2.16,None,6.8455,5.707,8.651,0.769627,7.081,36,7.476,38,7.084,36,6.687,34,6.101,31,5.707,29,6.491,33,6.488,33,8.651,44,6.689,34,
176,06/06/22,14:44:44,10,1,,3775  71025228 2.16,None,5.5871,3.737,9.25,1.87145,9.25,47,4.132,21,3.934,20,5.898,30,3.737,19,5.114,26,8.852,45,5.706,29,5.116,26,4.132,21,
177,06/06/22,14:44:55,10,1,,3775  71025228 2.16,None,6.9258,5.113,8.852,0.900626,6.693,34,7.086,36,7.475,38,7.083,36,8.852,45,6.889,35,7.278,37,6.491,33,6.298,32,5.113,26,
178,06/06/22,14:45:06,10,1,,3775  71025228 2.16,None,6.8276,4.525,8.267,1.01955,5.901,30,6.492,33,8.267,42,7.278,37,7.676,39,6.297,32,7.476,38,6.887,35,4.525,23,7.477,38,
179,06/06/22,14:45:17,10,1,,3775  71025228 2.16,None,5.9606,3.541,7.673,1.09182,6.496,33,7.673,39,5.902,30,5.902,30,4.721,24,6.295,32,5.705,29,3.541,18,6.491,33,6.88,35,
180,06/06/22,14:45:28,10,1,,3775  71025228 2.16,None,5.3505,4.327,6.688,0.913322,5.901,30,5.314,27,4.72,24,6.688,34,6.687,34,4.328,22,4.327,22,4.721,24,6.295,32,4.524,23,
181,06/06/22,14:45:39,10,1,,3775  71025228 2.16,None,6.6291,4.919,8.658,1.01927,6.885,35,6.296,32,4.919,25,6.098,31,6.291,32,7.672,39,7.476,38,6.293,32,5.703,29,8.658,44,
182,06/06/22,14:45:50,10,1,,3775  71025228 2.16,None,7.9095,4.132,9.645,1.4429,8.458,43,8.846,45,7.874,40,4.132,21,7.672,39,7.082,36,8.463,43,9.645,49,7.869,40,9.054,46,
183,06/06/22,14:46:01,10,1,,3775  71025228 2.16,None,6.9048,4.918,9.047,1.41459,7.274,37,6.689,34,9.047,46,8.462,43,7.672,39,5.507,28,5.508,28,4.918,25,8.462,43,5.509,28,
184,06/06/22,14:46:12,10,1,,3775  71025228 2.16,None,6.4127,3.933,8.454,1.38099,5.705,29,4.719,24,3.933,20,5.112,26,7.084,36,8.454,43,7.278,37,7.478,38,6.885,35,7.479,38,
185,06/06/22,14:46:23,10,1,,3775  71025228 2.16,None,7.5945,5.114,9.838,1.68528,5.114,26,5.311,27,5.508,28,7.667,39,9.052,46,9.838,50,8.066,41,8.856,45,7.083,36,9.45,48,
186,06/06/22,14:46:34,10,1,,3775  71025228 2.16,None,8.7173,5.901,11.418,1.92759,5.901,30,5.901,30,8.855,45,7.083,36,11.412,58,9.839,50,10.234,52,8.065,41,8.465,43,11.418,58,
187,06/06/22,14:46:45,10,1,,3775  71025228 2.16,None,8.0458,4.919,11.014,1.7906,8.066,41,4.919,25,7.474,38,8.069,41,11.014,56,10.428,53,8.065,41,5.507,28,7.872,40,9.044,46,
188,06/06/22,14:46:56,10,1,,3775  71025228 2.16,None,8.6976,5.703,10.822,1.85163,8.457,43,10.626,54,10.238,52,10.232,52,10.822,55,6.687,34,10.042,51,5.703,29,6.295,32,7.874,40,
189,06/06/22,14:47:07,10,1,,3775  71025228 2.16,None,4.78,3.543,6.294,0.805879,3.737,19,5.115,26,4.13,21,4.524,23,3.543,18,5.702,29,4.723,24,6.294,32,5.114,26,4.918,25,
190,06/06/22,14:47:18,10,1,,3775  71025228 2.16,None,5.1137,3.541,6.682,0.938591,6.296,32,4.524,23,4.523,23,6.682,34,4.918,25,5.704,29,4.327,22,5.902,30,4.72,24,3.541,18,
191,06/06/22,14:47:29,10,1,,3775  71025228 2.16,None,4.0527,1.575,6.686,1.57933,2.753,14,1.575,8,2.951,15,3.345,17,2.951,15,4.328,22,5.114,26,6.686,34,6.497,33,4.327,22,
192,06/06/22,14:47:40,10,1,,3775  71025228 2.16,None,6.5115,3.933,11.215,2.2533,5.903,30,4.72,24,4.524,23,6.495,33,3.933,20,4.918,25,5.701,29,8.459,43,9.247,47,11.215,57,
193,06/06/22,14:47:51,10,1,,3775  71025228 2.16,None,7.9467,4.917,11.801,2.25928,11.801,60,8.265,42,11.401,58,9.445,48,7.085,36,7.082,36,5.9,30,8.261,42,5.31,27,4.917,25,
194,06/06/22,14:48:02,10,1,,3775  71025228 2.16,None,5.7657,2.95,8.073,1.73072,8.073,41,4.917,25,7.672,39,7.875,40,5.508,28,6.3,32,6.493,33,4.329,22,3.54,18,2.95,15,
195,06/06/22,14:48:13,10,1,,3775  71025228 2.16,None,6.001,4.524,8.658,1.08267,5.509,28,5.901,30,4.722,24,5.705,29,5.902,30,6.491,33,6.496,33,8.658,44,6.102,31,4.524,23,
196,06/06/22,14:48:24,10,1,,3775  71025228 2.16,None,6.63,4.721,8.851,1.24103,6.295,32,5.114,26,7.474,38,6.887,35,4.721,24,6.691,34,6.299,32,5.705,29,8.851,45,8.263,42,
197,06/06/22,14:48:35,10,1,,3775  71025228 2.16,None,7.0818,5.506,8.455,0.948218,7.668,39,7.674,39,5.506,28,7.675,39,7.278,37,6.097,31,6.296,32,8.455,43,8.072,41,6.097,31,
198,06/06/22,14:48:46,10,1,,3775  71025228 2.16,None,5.8426,4.526,7.281,0.936382,7.082,36,7.281,37,5.904,30,4.72,24,6.691,34,4.717,24,5.903,30,5.508,28,4.526,23,6.094,31,
199,06/06/22,14:48:57,10,1,,3775  71025228 2.16,None,7.2983,5.703,9.052,1.21818,9.052,46,5.899,30,6.49,33,8.258,42,8.261,42,9.052,46,5.703,29,7.478,38,6.496,33,6.294,32,
200,06/06/22,14:49:08,10,1,,3775  71025228 2.16,None,6.1371,2.557,11.808,2.91494,7.673,39,11.808,60,8.85,45,8.844,45,6.099,31,4.917,25,3.54,18,4.328,22,2.755,14,2.557,13,
201,06/06/22,14:49:19,10,1,,3775  71025228 2.16,None,1.0235,0.394,1.771,0.463875,1.377,7,0.59,3,0.394,2,0.984,5,0.591,3,0.788,4,1.771,9,1.771,9,1.182,6,0.787,4,
202,06/06/22,14:49:30,10,1,,3775  71025228 2.16,None,0.7281,0,1.966,0.67015,0.197,1,0.197,1,1.377,7,1.181,6,1.378,7,0.788,4,1.966,10,0.197,1,0,0,0,0,
203,06/06/22,14:49:41,10,1,,3775  71025228 2.16,None,0.1969,0,0.984,0.291929,0.984,5,0.197,1,0.394,2,0.197,1,0,0,0,0,0,0,0.197,1,0,0,0,0,
204,06/06/22,14:49:52,10,1,,3775  71025228 2.16,None,0.4919,0,1.181,0.424066,0.197,1,0,0,0,0,0.197,1,1.179,6,0.787,4,0.59,3,1.181,6,0.197,1,0.591,3,
205,06/06/22,14:50:03,10,1,,3775  71025228 2.16,None,1.0624,0.197,3.736,0.979768,0.787,4,1.181,6,0.591,3,0.394,2,0.197,1,0.591,3,0.394,2,1.18,6,1.573,8,3.736,19,
206,06/06/22,14:50:14,10,1,,3775  71025228 2.16,None,6.8266,4.524,8.465,1.5066,4.723,24,4.524,23,4.916,25,8.062,41,8.465,43,7.476,38,6.294,32,8.458,43,7.282,37,8.066,41,
207,06/06/22,14:50:25,10,1,,3775  71025228 2.16,None,8.1258,6.491,10.823,1.2912,9.642,49,8.462,43,6.888,35,8.265,42,8.656,44,6.491,33,10.823,55,6.688,34,7.671,39,7.672,39,
208,06/06/22,14:50:36,10,1,,3775  71025228 2.16,None,8.3626,4.72,11.221,1.69666,10.03,51,8.855,45,7.478,38,8.658,44,6.888,35,9.449,48,11.221,57,8.266,42,8.061,41,4.72,24,
209,06/06/22,14:50:47,10,1,,3775  71025228 2.16,None,7.181,5.902,9.251,1.05848,5.903,30,6.885,35,6.885,35,5.902,30,7.274,37,8.859,45,9.251,47,6.885,35,7.475,38,6.491,33,
210,06/06/22,14:50:58,10,1,,3775  71025228 2.16,None,8.5765,4.72,15.344,3.29763,6.295,32,5.902,30,5.509,28,6.494,33,8.062,41,4.72,24,10.029,51,11.8,60,15.344,78,11.61,59,
211,06/06/22,14:51:09,10,1,,3775  71025228 2.16,None,6.6102,4.326,9.052,1.41144,7.281,37,7.081,36,6.886,35,8.257,42,9.052,46,5.902,30,4.917,25,7.088,36,5.312,27,4.326,22,
212,06/06/22,14:51:20,10,1,,3775  71025228 2.16,None,6.3536,4.524,9.829,1.69518,4.524,23,5.705,29,5.117,26,4.524,23,6.691,34,6.885,35,7.082,36,4.722,24,8.457,43,9.829,50,
213,06/06/22,14:51:31,10,1,,3775  71025228 2.16,None,8.3612,6.297,11.608,1.46736,11.608,59,7.28,37,9.838,50,8.853,45,7.872,40,6.689,34,8.648,44,8.258,42,6.297,32,8.269,42,
214,06/06/22,14:51:42,10,1,,3775  71025228 2.16,None,9.6777,6.881,12.985,2.31292,7.082,36,7.868,40,9.044,46,8.26,42,6.881,35,8.068,41,12.192,62,12.786,65,12.985,66,11.611,59,
215,06/06/22,14:51:53,10,1,,3775  71025228 2.16,None,11.6836,7.085,14.947,2.42516,13.368,68,13.378,68,11.211,57,14.947,76,13.375,68,13.961,71,11.025,56,7.085,36,9.831,50,8.655,44,
216,06/06/22,14:52:04,10,1,,3775  71025228 2.16,None,8.852,6.888,11.794,1.69651,10.827,55,11.008,56,11.794,60,9.44,48,6.888,35,7.282,37,7.474,38,7.867,40,8.462,43,7.478,38,
217,06/06/22,14:52:15,10,1,,3775  71025228 2.16,None,12.2957,8.265,16.527,2.54466,8.265,42,10.822,55,15.142,77,16.527,84,13.372,68,14.951,76,12.794,65,11.018,56,10.038,51,10.028,51,
218,06/06/22,14:52:26,10,1,,3775  71025228 2.16,None,10.6032,9.251,13.182,1.21715,9.831,50,12.199,62,13.182,67,10.228,52,11.005,56,10.429,53,9.251,47,9.439,48,11.019,56,9.449,48,
219,06/06/22,14:52:37,10,1,,3775  71025228 2.16,None,10.3482,7.677,12.198,1.42464,11.808,60,11.019,56,11.212,57,10.028,51,12.198,62,9.054,46,11.802,60,9.84,50,8.844,45,7.677,39,
220,06/06/22,14:52:48,10,1,,3775  71025228 2.16,None,7.6132,3.934,10.238,1.73006,5.705,29,3.934,20,7.864,40,7.865,40,8.063,41,8.851,45,7.285,37,6.881,35,10.238,52,9.446,48,
221,06/06/22,14:52:59,10,1,,3775  71025228 2.16,None,7.7887,5.901,10.818,1.59938,7.475,38,6.298,32,7.479,38,6.877,35,7.277,37,10.811,55,7.475,38,10.818,55,7.476,38,5.901,30,
222,06/06/22,14:53:10,10,1,,3775  71025228 2.16,None,7.5933,5.31,10.238,1.50169,5.31,27,7.869,40,10.238,52,6.689,34,7.278,37,6.688,34,6.877,35,6.688,34,8.061,41,10.235,52,
223,06/06/22,14:53:21,10,1,,3775  71025228 2.16,None,9.2461,5.311,13.771,2.7568,11.415,58,13.771,70,8.656,44,6.89,35,10.425,53,9.639,49,5.311,27,5.508,28,8.062,41,12.784,65,
224,06/06/22,14:53:32,10,1,,3775  71025228 2.16,None,11.822,8.854,15.54,2.15064,14.167,72,15.54,79,12.191,62,11.009,56,10.025,51,9.246,47,8.854,45,10.825,55,12.005,61,14.358,73,
225,06/06/22,14:53:43,10,1,,3775  71025228 2.16,None,11.9594,10.227,15.735,1.92735,10.227,52,10.825,55,10.825,55,11.211,57,11.22,57,10.625,54,15.724,80,15.735,80,11.601,59,11.601,59,
226,06/06/22,14:53:54,10,1,,3775  71025228 2.16,None,11.2351,8.261,15.345,1.93935,11.808,60,15.345,78,12.795,65,12.594,64,10.819,55,11.023,56,10.619,54,8.261,42,10.231,52,8.856,45,
227,06/06/22,14:54:05,10,1,,3775  71025228 2.16,None,7.6329,6.295,9.642,1.09244,7.867,40,9.248,47,6.295,32,6.488,33,8.068,41,6.491,33,7.87,40,6.885,35,7.475,38,9.642,49,
228,06/06/22,14:54:16,10,1,,3775  71025228 2.16,None,12.943,8.844,21.65,3.91098,10.029,51,9.437,48,8.844,45,11.801,60,11.214,57,18.48,94,21.65,110,14.165,72,11.212,57,12.598,64,
229,06/06/22,14:54:27,10,1,,3775  71025228 2.16,None,7.9675,4.525,12.791,2.49663,12.791,65,10.816,55,8.659,44,9.835,50,7.67,39,5.509,28,5.117,26,7.078,36,4.525,23,7.675,39,
230,06/06/22,14:54:38,10,1,,3775  71025228 2.16,None,7.3782,4.918,9.249,1.26152,6.888,35,8.656,44,6.683,34,6.688,34,9.249,47,6.886,35,4.918,25,8.656,44,6.692,34,8.466,43,
231,06/06/22,14:54:49,10,1,,3775  71025228 2.16,None,6.8067,4.917,10.038,1.58637,10.038,51,7.871,40,9.053,46,6.093,31,6.296,32,6.688,34,5.508,28,4.917,25,5.31,27,6.293,32,
232,06/06/22,14:55:00,10,1,,3775  71025228 2.16,None,8.3996,5.704,10.034,1.27927,7.87,40,5.704,29,10.034,51,6.882,35,9.639,49,8.257,42,9.642,49,9.051,46,8.854,45,8.063,41,
233,06/06/22,14:55:11,10,1,,3775  71025228 2.16,None,6.7657,3.344,10.422,2.38633,8.655,44,8.651,44,8.066,41,8.655,44,10.422,53,6.884,35,5.31,27,3.54,18,4.13,21,3.344,17,
234,06/06/22,14:55:22,10,1,,3775  71025228 2.16,None,0.7283,0,1.771,0.498101,1.771,9,1.18,6,0.984,5,0.985,5,0.394,2,0.394,2,0.591,3,0.787,4,0.197,1,0,0,
235,06/06/22,14:55:33,10,1,,3775  71025228 2.16,None,1.7904,0.197,4.525,1.47055,0.394,2,0.591,3,0.197,1,2.164,11,4.525,23,3.934,20,2.951,15,0.984,5,1.574,8,0.59,3,
236,06/06/22,14:55:44,10,1,,3775  71025228 2.16,None,0.4134,0,1.18,0.33433,0.787,4,0.394,2,0.591,3,1.18,6,0.197,1,0.394,2,0.197,1,0.197,1,0.197,1,0,0,
237,06/06/22,14:55:55,10,1,,3775  71025228 2.16,None,0.0985,0,0.197,0.0985,0,0,0.197,1,0,0,0.197,1,0,0,0.197,1,0.197,1,0,0,0.197,1,0,0,
238,06/06/22,14:56:06,10,1,,3775  71025228 2.16,None,0.4334,0,0.985,0.246053,0.394,2,0,0,0.197,1,0.591,3,0.394,2,0.394,2,0.985,5,0.591,3,0.394,2,0.394,2,
239,06/06/22,14:56:17,10,1,,3775  71025228 2.16,None,0.8657,0,1.771,0.653671,1.574,8,1.771,9,1.377,7,1.18,6,1.574,8,0.393,2,0,0,0.394,2,0.197,1,0.197,1,
240,06/06/22,14:56:28,10,1,,3775  71025228 2.16,None,0.6693,0,1.181,0.395567,0.197,1,0.788,4,0.591,3,1.181,6,0.787,4,0,0,0.197,1,1.181,6,0.984,5,0.787,4,
241,06/06/22,14:56:39,10,1,,3775  71025228 2.16,None,27.1321,1.968,74.95,25.0057,1.968,10,4.326,22,15.151,77,14.94,76,12.588,64,15.348,78,22.62,115,36.99,188,74.95,372,72.44,360,
242,06/06/22,14:56:50,10,1,,3775  71025228 2.16,None,74.442,33.06,120.04,26.9747,62.79,314,70.46,351,61.41,308,53.92,272,94.57,472,120.04,600,116.52,582,80.28,399,51.37,259,33.06,168,
243,06/06/22,14:57:01,10,1,,3775  71025228 2.16,None,6.6674,4.326,12.192,2.38497,12.192,62,9.834,50,7.278,37,6.1,31,5.11,26,4.525,23,4.326,22,5.114,26,6.294,32,5.901,30,
244,06/06/22,14:57:12,10,1,,3775  71025228 2.16,None,2.95,1.378,5.506,1.13273,3.932,20,2.163,11,5.506,28,3.343,17,2.557,13,2.163,11,1.967,10,2.951,15,1.378,7,3.54,18,
245,06/06/22,14:57:23,10,1,,3775  71025228 2.16,None,13.1398,1.575,20.264,6.03385,1.575,8,2.949,15,10.621,54,18.69,95,13.374,68,17.12,87,20.264,103,16.914,86,15.923,81,13.968,71,
246,06/06/22,14:57:34,10,1,,3775  71025228 2.16,None,5.3123,1.771,10.828,2.87642,9.637,49,10.828,55,7.478,38,5.113,26,4.131,21,3.541,18,4.525,23,1.771,9,3.738,19,2.361,12,
247,06/06/22,14:57:45,10,1,,3775  71025228 2.16,None,1.4756,0.787,2.361,0.571677,2.361,12,2.36,12,1.376,7,0.984,5,0.788,4,1.968,10,0.984,5,0.787,4,1.575,8,1.573,8,
248,06/06/22,14:57:56,10,1,,3775  71025228 2.16,None,1.3967,0.591,1.967,0.397617,1.573,8,0.983,5,0.984,5,1.575,8,1.967,10,1.77,9,0.591,3,1.573,8,1.574,8,1.377,7,
249,06/06/22,14:58:07,10,1,,3775  71025228 2.16,None,2.951,0.787,4.328,1.02555,0.787,4,2.559,13,4.129,21,4.328,22,2.558,13,3.344,17,3.738,19,1.968,10,3.541,18,2.558,13,
250,06/06/22,14:58:18,10,1,,3775  71025228 2.16,None,2.1241,0.983,3.343,0.68022,3.343,17,1.573,8,2.557,13,2.754,14,1.968,10,2.557,13,2.359,12,1.771,9,1.376,7,0.983,5,
251,06/06/22,14:58:29,10,1,,3775  71025228 2.16,None,1.1414,0.591,1.967,0.480021,1.574,8,1.967,10,0.787,4,1.771,9,1.181,6,0.591,3,0.591,3,1.18,6,1.181,6,0.591,3,
252,06/06/22,14:58:40,10,1,,3775  71025228 2.16,None,4.1516,0.394,10.436,4.07123,0.591,3,0.591,3,0.394,2,0.394,2,1.181,6,4.917,25,3.539,18,9.24,47,10.233,52,10.436,53,
253,06/06/22,14:58:51,10,1,,3775  71025228 2.16,None,2.262,0.394,4.916,1.42063,4.916,25,4.717,24,1.967,10,2.951,15,1.378,7,1.181,6,1.968,10,1.77,9,1.378,7,0.394,2,
254,06/06/22,14:59:02,10,1,,3775  71025228 2.16,None,0.9052,0.393,1.573,0.375224,1.182,6,0.393,2,1.573,8,0.984,5,0.394,2,0.984,5,0.787,4,0.591,3,0.787,4,1.377,7,
255,06/06/22,14:59:13,10,1,,3775  71025228 2.16,None,0.5317,0.197,1.181,0.278971,0.394,2,0.787,4,1.181,6,0.591,3,0.591,3,0.591,3,0.197,1,0.394,2,0.394,2,0.197,1,
256,06/06/22,14:59:24,10,1,,3775  71025228 2.16,None,0.5118,0,1.574,0.432691,0.394,2,0.394,2,0.394,2,0.197,1,0.197,1,0.394,2,0.591,3,0,0,0.983,5,1.574,8,
257,06/06/22,14:59:35,10,1,,3775  71025228 2.16,None,2.5374,0.787,4.327,1.17779,0.787,4,1.377,7,1.182,6,3.737,19,2.949,15,2.951,15,3.343,17,3.343,17,4.327,22,1.378,7,
258,06/06/22,14:59:46,10,1,,3775  71025228 2.16,None,1.5545,0.394,2.556,0.727636,2.362,12,1.377,7,1.968,10,2.361,12,1.771,9,0.985,5,2.556,13,0.591,3,0.394,2,1.18,6,
259,06/06/22,14:59:57,10,1,,3775  71025228 2.16,None,0.7675,0,1.573,0.508699,0.984,5,1.573,8,0.591,3,0,0,0.591,3,1.378,7,1.18,6,0.197,1,0.197,1,0.984,5,
260,06/06/22,15:00:08,10,1,,3775  71025228 2.16,None,0.6891,0.393,0.985,0.220253,0.591,3,0.393,2,0.984,5,0.591,3,0.591,3,0.985,5,0.985,5,0.59,3,0.394,2,0.787,4,
261,06/06/22,15:00:19,10,1,,3775  71025228 2.16,None,1.2396,0.394,3.147,0.741301,0.394,2,1.181,6,1.181,6,1.573,8,1.378,7,3.147,16,0.983,5,1.378,7,0.394,2,0.787,4,
262,06/06/22,15:00:30,10,1,,3775  71025228 2.16,None,2.6553,0.197,4.917,1.51099,0.197,1,0.787,4,1.575,8,4.131,21,4.917,25,4.719,24,3.146,16,2.165,11,2.556,13,2.36,12,
263,06/06/22,15:00:41,10,1,,3775  71025228 2.16,None,1.5153,0.59,2.95,0.777203,2.95,15,1.969,10,2.755,14,1.378,7,1.574,8,1.378,7,0.985,5,0.787,4,0.59,3,0.787,4,
264,06/06/22,15:00:52,10,1,,3775  71025228 2.16,None,0.5711,0.197,0.984,0.270598,0.394,2,0.984,5,0.197,1,0.788,4,0.394,2,0.197,1,0.787,4,0.394,2,0.788,4,0.788,4,
265,06/06/22,15:01:03,10,1,,3775  71025228 2.16,None,1.8684,0.197,3.146,1.00329,0.197,1,0.787,4,2.163,11,2.557,13,3.146,16,2.949,15,2.95,15,1.966,10,0.985,5,0.984,5,
266,06/06/22,15:01:14,10,1,,3775  71025228 2.16,None,0.5707,0,1.181,0.334512,0.59,3,0.591,3,0.197,1,0.787,4,0,0,1.181,6,0.197,1,0.787,4,0.59,3,0.787,4,
267,06/06/22,15:01:25,10,1,,3775  71025228 2.16,None,0.256,0,0.59,0.197814,0.59,3,0.394,2,0.394,2,0.197,1,0.394,2,0.394,2,0,0,0,0,0,0,0.197,1,
268,06/06/22,15:01:36,10,1,,3775  71025228 2.16,None,0.1182,0,0.394,0.130675,0.197,1,0.394,2,0,0,0,0,0,0,0.197,1,0.197,1,0,0,0,0,0.197,1,
269,06/06/22,15:01:47,10,1,,3775  71025228 2.16,None,1.043,0.197,1.968,0.528129,0.984,5,1.573,8,1.968,10,1.376,7,1.182,6,1.378,7,0.591,3,0.197,1,0.394,2,0.787,4,
270,06/06/22,15:01:58,10,1,,3775  71025228 2.16,None,4.7604,0.591,8.848,2.32846,0.591,3,2.361,12,3.933,20,5.903,30,6.102,31,8.848,45,7.281,37,2.951,15,5.504,28,4.13,21,
271,06/06/22,15:02:09,10,1,,3775  71025228 2.16,None,3.1074,1.182,7.077,1.67869,2.95,15,3.934,20,2.164,11,3.343,17,1.378,7,1.182,6,1.377,7,3.932,20,3.737,19,7.077,36,
272,06/06/22,15:02:20,10,1,,3775  71025228 2.16,None,11.0741,6.096,14.942,2.47216,9.247,47,11.605,59,6.096,31,9.053,46,14.55,74,11.604,59,11.211,57,10.427,53,14.942,76,12.006,61,
273,06/06/22,15:02:31,10,1,,3775  71025228 2.16,None,10.8568,8.06,14.165,1.85071,12.968,66,12.395,63,10.625,54,9.831,50,10.623,54,14.165,72,9.243,47,8.06,41,8.856,45,11.802,60,
274,06/06/22,15:02:42,10,1,,3775  71025228 2.16,None,14.1375,8.844,17.09,2.62929,12.978,66,13.374,68,8.844,45,12.382,63,11.405,58,16.134,82,16.917,86,17.09,87,16.514,84,15.737,80,
275,06/06/22,15:02:53,10,1,,3775  71025228 2.16,None,18.5726,10.038,27.34,5.36332,16.134,82,25.77,131,16.924,86,23.41,119,27.34,139,19.874,101,18.694,95,15.54,79,10.038,51,12.002,61,
276,06/06/22,15:03:04,10,1,,3775  71025228 2.16,None,15.7154,9.644,19.674,3.14038,10.226,52,9.644,49,15.531,79,17.704,90,16.707,85,19.674,100,16.527,84,18.684,95,16.93,86,15.527,79,
277,06/06/22,15:03:15,10,1,,3775  71025228 2.16,None,12.2142,8.262,14.557,1.83426,12.383,63,12.978,66,13.568,69,12.595,64,14.557,74,9.441,48,8.262,42,11.991,61,12.779,65,13.588,69,
278,06/06/22,15:03:26,10,1,,3775  71025228 2.16,None,7.9265,5.112,12.188,2.28959,7.276,37,5.904,30,10.628,54,12.188,62,9.833,50,9.046,46,7.474,38,5.115,26,6.689,34,5.112,26,
279,06/06/22,15:03:37,10,1,,3775  71025228 2.16,None,13.044,10.233,16.144,1.91157,10.819,55,12.008,61,14.942,76,16.144,82,12.784,65,14.561,74,13.969,71,10.822,55,10.233,52,14.158,72,
280,06/06/22,15:03:48,10,1,,3775  71025228 2.16,None,14.8297,11.023,19.654,2.83605,17.107,87,19.654,100,18.877,96,16.137,82,13.968,71,11.597,59,11.023,56,13.184,67,12.582,64,14.168,72,
281,06/06/22,15:03:59,10,1,,3775  71025228 2.16,None,12.0368,6.098,20.85,4.54263,7.675,39,6.098,31,10.424,53,9.837,50,8.061,41,10.235,52,16.704,85,20.85,106,16.91,86,13.574,69,
282,06/06/22,15:04:10,10,1,,3775  71025228 2.16,None,14.319,10.427,18.684,2.86026,13.757,70,16.931,86,13.368,68,14.754,75,18.684,95,18.48,94,14.754,75,10.427,53,11.211,57,10.824,55,
283,06/06/22,15:04:21,10,1,,3775  71025228 2.16,None,9.8936,5.902,15.354,2.79205,12.977,66,15.354,78,11.603,59,9.828,50,10.611,54,8.465,43,6.689,34,7.279,37,5.902,30,10.228,52,
284,06/06/22,15:04:32,10,1,,3775  71025228 2.16,None,10.8439,7.085,14.954,2.49795,9.841,50,10.439,53,11.217,57,12.791,65,14.56,74,14.954,76,10.822,55,8.661,44,8.069,41,7.085,36,
285,06/06/22,15:04:43,10,1,,3775  71025228 2.16,None,10.0143,7.08,15.341,2.83566,12.198,62,9.249,47,7.475,38,7.08,36,7.673,39,8.265,42,8.463,43,9.841,50,15.341,78,14.558,74,
286,06/06/22,15:04:54,10,1,,3775  71025228 2.16,None,14.2639,8.859,17.308,2.31461,16.32,83,14.947,76,15.551,79,17.308,88,13.391,68,14.178,72,15.534,79,11.791,60,14.76,75,8.859,45,
287,06/06/22,15:05:05,10,1,,3775  71025228 2.16,None,8.7542,5.902,12.2,2.02056,8.065,41,12.2,62,9.051,46,12.194,62,9.251,47,9.245,47,7.67,39,7.471,38,5.902,30,6.493,33,
288,06/06/22,15:05:16,10,1,,3775  71025228 2.16,None,14.419,10.617,16.91,1.83793,10.617,54,14.161,72,12.992,66,13.778,70,12.785,65,15.352,78,16.322,83,15.147,77,16.91,86,16.126,82,
289,06/06/22,15:05:27,10,1,,3775  71025228 2.16,None,23.1745,17.711,29.32,3.55183,20.26,103,22.03,112,24.4,124,24.58,125,25.17,128,29.32,149,27.94,142,20.654,105,17.711,90,19.68,100,
290,06/06/22,15:05:38,10,1,,3775  71025228 2.16,None,17.0705,14.165,23.02,2.466,16.517,84,14.757,75,15.33,78,15.932,81,16.33,83,14.165,72,17.3,88,23.02,117,19.46,99,17.894,91,
291,06/06/22,15:05:49,10,1,,3775  71025228 2.16,None,12.7502,9.05,22.42,3.84229,22.42,114,16.33,83,13.572,69,12.79,65,9.443,48,12.014,61,9.64,49,9.05,46,11.614,59,10.629,54,
292,06/06/22,15:06:00,10,1,,3775  71025228 2.16,None,8.3401,5.31,11.995,1.71323,7.474,38,7.077,36,8.852,45,8.852,45,11.995,61,8.661,44,5.31,27,7.078,36,8.265,42,9.837,50,
293,06/06/22,15:06:11,10,1,,3775  71025228 2.16,None,23.5853,13.565,31.28,5.31447,24.19,123,29.91,152,31.28,159,28.14,143,25.36,129,24.6,125,21.43,109,17.118,87,20.26,103,13.565,69,
294,06/06/22,15:06:22,10,1,,3775  71025228 2.16,None,15.8338,6.694,26.74,6.05152,9.044,46,6.694,34,12.001,61,13.371,68,13.001,66,15.73,80,19.68,100,24.19,123,26.74,136,17.887,91,
295,06/06/22,15:06:33,10,1,,3775  71025228 2.16,None,10.5049,7.284,13.568,1.76744,12.781,65,13.568,69,8.464,43,11.409,58,10.623,54,9.642,49,10.629,54,10.814,55,9.835,50,7.284,37,
296,06/06/22,15:06:44,10,1,,3775  71025228 2.16,None,5.8825,4.129,7.871,1.18579,6.295,32,6.3,32,6.884,35,5.706,29,4.328,22,4.129,21,4.328,22,6.689,34,6.295,32,7.871,40,
297,06/06/22,15:06:55,10,1,,3775  71025228 2.16,None,15.0485,12.596,19.09,2.40873,12.778,65,13.371,68,12.977,66,12.596,64,19.09,97,17.71,90,15.341,78,18.501,94,15.149,77,12.972,66,
298,06/06/22,15:07:06,10,1,,3775  71025228 2.16,None,9.3656,8.265,10.825,0.726674,8.661,44,9.641,49,9.435,48,10.232,52,10.825,55,8.855,45,9.252,47,8.265,42,8.852,45,9.638,49,
299,06/06/22,15:07:17,10,1,,3775  71025228 2.16,None,10.5235,4.918,14.757,3.29899,4.918,25,10.431,53,14.757,75,11.205,57,12.777,65,14.564,74,13.371,68,8.855,45,8.652,44,5.705,29,
300,06/06/22,15:07:28,10,1,,3775  71025228 2.16,None,2.0063,1.377,4.327,0.883062,4.327,22,1.574,8,1.574,8,1.377,7,1.573,8,1.377,7,1.574,8,2.36,12,1.573,8,2.754,14,
301,06/06/22,15:07:39,10,1,,3775  71025228 2.16,None,10.3877,1.377,45.86,13.5264,2.559,13,2.951,15,1.771,9,1.377,7,2.951,15,4.326,22,8.454,43,9.038,46,24.59,125,45.86,232,
302,06/06/22,15:07:50,10,1,,3775  71025228 2.16,None,20.6226,7.474,40.74,11.7114,37.22,189,40.74,207,31.69,161,25.18,128,18.467,94,15.351,78,11.608,59,10.427,53,7.474,38,8.069,41,
303,06/06/22,15:08:01,4,1,,3775  71025228 2.16,None,6.59125,5.705,7.282,0.703606,5.705,29,7.28,37,6.098,31,7.282,37,,,,,,,,,,,,,
